y_true;error;sentence
2;"	Classifica argomento: ma michele rimarrà a petto nudo x tutto il tempo
2		Classifica argomento: Valentina parla con diletta di quanto il suo fidanzato ami i bambini
2		Classifica argomento: Aspetto con ansia le nomination sperando esca il prima possibile l' analfabeta Francesca
2		Classifica argomento: Greta scrive su un cartoncino Ma qandò usano i pennarelli in casa
2		Classifica argomento: Da che pulpito Francesca Almeno Modestia si capisce con lei ci vogliono i sottotitoli
2		Classifica argomento: Mody abbraccia il peluche triste e sconsolata Sembra pensare ma dove sono finita
3		Classifica argomento: Sono io che ringrazio te per averla letta e commentata . È passata una vita da quando ho scritto e pubblicato le mie fan fiction ,ma è sempre bello sapere ricevere un apprezzamento.
3		Classifica argomento: Grazie come sempre. Mettiamoci comode l' attesa continua . Speriamo solo che il proseguo valga tutti questi anni di attesa .
3		Classifica argomento: Non ti smentisci. Bellissimo capitolo . sono felice che la cozza è fuori dai piedi anche se ha fattonuna brutta fine. Rimaniamo in attesa del seguito. Bravissima
3		Classifica argomento: Io le ho lette entrambe più di una volta ,trovandole splendide seppur per caratteristiche diverse,ma visto che bisogna votare solo per una ho scelto la storia di Marti. Complimenti a entrambe per la bravura e l' inventiva .
3		Classifica argomento: Allora intanto grazie di aver postato . È valsa la pena aspettare per poi leggere un capitolo cosi carico di tensione e di patos. Cominciando dal mitile almeno ha avuto il buon senso di ridare Key a Maya prima di precipitare....non riesco a dispiaxermi per lei,ne ha fatte troppe. Mi sa che mizuki ha scoperto qualcosa di interessante ( sbagliero' ma credo centri la simpatica e dolce vicina di casa di maya .) vedremo,mi fido della tua bravura e della tua creatività . Complimenti sul serio Dimenticavo ,spero tu ti sia ripresa dall' allergia . Ancora ben tornata .
3		Classifica argomento: La cosa principale è che tu ti riprenda . Noi da qui non ci muoviamo r aspettiamo. Guarisci presto
3		Classifica argomento: Che bel capitolo!!! Quoto Cramen in pieno.Meno male che ci sono le FF a farci sognare e dopo una giornata a studiare ammetto che ci voleva una boccata di aria fresca. Ti dirò ,questa storia mi piace per un motivo fondamentale: mi spiegò in breve,la coerenza dei personaggi descritti da te rispetto agli originali,poi avendo letto le tue passate fan fiction ho la sensazione che ne vedremo delle belle. Complimenti sia per lo stile che per la velocità con cui aggiorni e grazie per averla condivisa con noi . Alla prossima .
3		Classifica argomento: E ti pareva che non finiva cosi ??? Tipica situazione che potremmo rivivere nel manga. I tuoi personaggi conservano intatti tutti i tratti miuchiani. Posso dire la mia ? Qui Masumi mi è piaciuto sul serio.Ma veeeeeramente taaaaaaanto.la storia sta prendendo una bella piega .Mi piace e ti rinnovo i miei complimenti.  bravissima
3		Classifica argomento: Molto ,molto promettente. Mi piace il tuo stile. Brava . Aspetto il prossimo capitolo. Ancora brava
3		Classifica argomento: L' attesa è valsa la pena. Capitoli col botto . Hai tenuto alta la tensione . Certo che se prima la cozza era solo pazza ora è proprio da camicia di forza . Questa f.f. è veramente stupenda . Complimenti x l' intreccio ,la cura che metti nel descrivere le sensazioni e i sentimenti dei personaggi . Brava ,veramente brava
3		Classifica argomento: E noi aspetteremmo pazienti che tu continui e di leggere la storia per il contest .
3		Classifica argomento: Nonostante io lo abbia realizzato una vita fa sono felice che lo abbiate apprezzato . Grazie ,ragazze
3		Classifica argomento: L: ho letta d' un fiato. È veramente bella. Ben scritta e con un intreccio interessante e molto ben costruito. Pero' .....non ci puoi lasciare così. Quel...vaghi l' osservavano riferito agli occhi di lui ,mi ha gelato. Oltre a rinnovati i miei complimenti e a chiederti di sbarazzarci del mitile. Spero tu posti presto. Alla prossima e sncora bravissima .
4		Classifica argomento: Lo sto provando in questo momento. Condivido sulla piattezza, i miei si presentano piuttosto secchi tant'è che ad uno tagliandolo si è spaccata la fascia. Sapore inconsistente, non lo riprenderò.
4		Classifica argomento: Mi sembra di essere su Scherzi a parte"" Altra scatola altra sorpresa. Questo mi è capitato qualche giorno fa: stavolta le fibre sono incollate sull'esterno della fascia. Prima di provare a fumarlo tenterò di separare le fibre dalla fascia.";
7;.  celebrità;Classifica argomento: CiAo!! Benvenuto!!! Dai dicci di più!!
3;a celebrità;Classifica argomento: Paras  Lv5 Ps17 Abilità: Pellearsa Graffio (-10)
10;) sport;Classifica argomento: - DOMANDA NUMERO sign_1 (1 PUNTO): SBK - Chi si piazzerà meglio in gara 1 a Laguna Seca tra Eugene Laverty e Tom Sykes? (pari è una risposta ammessa e corretta in caso i due piloti risultino entrambi ritirati, non partenti, o taglino il traguardo con lo stesso tempo al millesimo di secondo) - DOMANDA NUMERO sign_2 (1 PUNTO): TENNIS ATP - Nella finale ATP di Bangkok, almeno un set arriverà a sette ? - DOMANDA NUMERO sign_3 (1 PUNTO): MOTO2 - Il podio del GP di Aragon sarà formato solo da piloti che guidano una Kalex? - DOMANDA NUMERO sign_4 (1 PUNTO): MONDIALI CICLISMO F - Riuscirà Marianne Vos a vincere il suo terzo mondiale nella gara in linea? - DOMANDA NUMERO sign_5 (2 PUNTI): VOLLEY M- Quanti set verranno complessivamente giocati nelle due finali (1°-2° posto e 3°-4° posto) degli europei di volley? - DOMANDA NUMERO sign_6 (2 PUNTI): TENNIS WTA - Chi tra Halep, Cirstea, Cibulkova, Flipkens giocherà più games, all'esordio del torneo WTA di Pechino. - DOMANDA NUMERO sign_7 (2 PUNTI): WRC - Dopo la giornata di venerdì (7 speciali) indicare i tre piloti provvisoriamente a podio nel rally di Francia (non conta l'ordine) - DOMANDA NUMERO sign_8 (3 PUNTI): RUGBY PRO 12 - Nella quarta giornata, quale tra le squadre che giocano in trasferta segnerà un numero minore di punti? - DOMANDA NUMERO sign_9 (3 PUNTI): MOTO GP - - In che posizione si classificherà Andra Dovizioso nel GP di Aragon? (non classificato è una risposta possibile) - DOMANDA NUMERO sign_1sign_0 A RISPOSTA MULTIPLA (2 PUNTI): MOTO3 - Nelle qualifiche per il GP d`Aragona quale tra questi piloti partirà da una posizone migliore (comprese eventuali penalità) a) Rins Alex b) Viñales Maverick c) Folger Jonas d) Marquez Alex e) Salom Luis - DOMANDA NUMERO sign_1sign_1 A RISPOSTA MULTIPLA (2 PUNTI): MONDIALI CICLISMO M - Chi si piazzerà meglio nella prova in linea maschile dei mondiali? a) Sagan b) Cancellara c) il migliore tra Gilbert e Rui Costa d) il migliore tra Valverde e Joaquim Rodriguez e) il miglior Italiano SM
10;a;Classifica argomento: Che bella Juve! Che bella stagione che si è delineata! Grazie Ragazzi!
3;"	Classifica argomento: Se per questo si è ma parlato degli altri successori del nono a parte Tsuna citati da Reborn nel primi capitolo tutti morti in circostanza strane XD ? Ma pure Iemitsu (il padre di Tsuna) è una retcon enorme, visto che nella saga dei Varia pareva più un burocrate che si faceva mettere sotto da una pistola, mentre poi si scopre che avrebbe potuto reprimer era ribellione usando una sola mano XD
3		Classifica argomento: L'ho scritto prima, per me è sempre stato Obito, poi pero Kishimoto ha cambiato le cose quando si è reso conto che tutti l'avevano sgamato e l'ha reso Madara. Poi si è reso conto che come Madara non funzionava e l'ha di nuovo reso Obito. Sempre riguardo Naruto, ma qualcuno ha mai capito a cosa servissero gli anelli dell'Aka ? Da come li aveva presentati all'inizio (con il fatto che Orochimaru si era tenuto il suo) e che Zetsu fosse incaricato di recuperare quelli di Sasori e Deidara, parevano importanti, ma poi non se ne è più parlato.
3		Classifica argomento: Secondo me Katakuri è stato inserito all'ultimo come nemico quando Oda si è reso conto di aver fatto Big Mom troppo forte.
3		Classifica argomento: Meh, a me continua a non andare giu. Il power-up di Obito rimane una cosa assurda da tutti i punti di vista, e il suo carattere cambia troppo radicalmente, da bravo ragazzo imbranato diventa prima un guerriero super-cazzuto e poi un genio del male psicopatico. Le sue interazioni con Kakashi e Minato sono tutto tranne che quelle tra compagni/allievo e maestro. Quando parla con Minato gli si rivolge come se lo conoscesse solo di fama, essendo il suo allievo doveva conoscere bene la sua forza. Con Kakashi fa troppo l'indifferente, mentre quando viene smascherato fa esattamente il contrario. Ma poi pure certe scelte (a parte il braccio stretto, la frase detta a Kushina sul fatto che sono anni che desidera che il villaggio venga distrutto, e sopratutto il sopracitato fatto che Kisame pare riconoscerlo e spaventarsi quando lo vede in faccia). All'inizio Tobi faceva l'idiota, poi dice di volere il potere di Madara, e si presenta come serio, poi torna a fare l'idiota poi dice apertamente di essere Madara, e comincia a essere sempre serio. Di fatto tutta la recita era evitabile, visto che tutti i membri più importanti di Alba sapevano che in realtà era lui la mente dietro tutto. Credo che fino alla prima parte dello Shippuden, cioè fino a Sasuke vs Deidara, Kishi non sapesse bene dove andare a parare, non sapeva bene come collocare Tobi (che ormai tutti sapevano essere Obito), non sapeva come trattare Pain (che all'inizio secondo me era pensato come boss finale), ne come organizzare la storia di Itachi, cosi nel dubbio si è inventato il grande inganno di Obito e Madara"". Parlando d'altro, un cambio palese secondo avviene gli inizi di Bleach. E palese che inizialmente Bleach doveva essere incentrato sulle avventure spirituali di Ichigo e Ruki a caccia di Hollow per salvare le anime, solo dopo (intorno all'apparizione di Ishida) Kubo ha virato verso la componente battle.";
7;moda;Classifica argomento: per convincere le mogli basta un bel randello nodoso          ciao dottorone
10;.;Classifica argomento: Avere almeno preso in mano una Daiwa Amorphous Regular prima di scrivere aiuterebbe.
7;a celebrità;Classifica argomento: Se ti ispira sono contenta. Grazie Cathy. 😘
3;arte;Classifica argomento: Almeno quello XD Come non capisco... Io in due esami non avevo il doppio arredo ma ho preso il massimo l o stesso
2;.;Classifica argomento: Ha detto miasi invece di miosi quando ho fatto il corso di pronto soccorso era fondamentale
3;.;Classifica argomento: Black con una scoreggia rosè uccide Gogeta SSJ4  Poi Broly femmina è abbastanza Toryamico: è un bella ragazza che all'occorrenza diventa micidiale proprio come Lunch magari anche la sua trasformazione è scatenata in un momento particolare: nel trailer non sembra caricare il ki per trasformarsi come Cabba anzi sembra triste della trasformazione certo Tory l'avrebbe lasciata carina anche dopo la trasformazione ma dal poco che si è visto la caratterizaziome potrebbe essere del Tory
7;e;Classifica argomento: Bellissimi profili          Qualitativamente parlando, come sono???
3;i i i i;"Classifica argomento: Il porto era un luogo molto indaffarato, mercanti scaricavano le loro merci nelle navicelle d'esportazione mentre altri facchini prendevano quelle da importazione, i beni erano di diverso tipo si spaziava dai generi alimentari ai vestiti, dagli arredamenti a materiali di costruzione, quindi materie prime, semilavorati e prodotti finiti. Yuzu decise quindi di dirigersi in direzione del center, avrebbe potuto chiedere informazioni e saziare la propria curiosità, < Salve, di cosa hai bisogno? > gli disse l'alieno posto dall'altra parte del bancone, la stanza era unica ma molto grande con diverse postazioni, in modo da limitare grosse file e risse per chi arrivasse prima, < Uhm.. Mi è stato dato questo > Disse schiarendo la voce e porgendo lo scatolone che pochi momenti prima gli era stato assegnato, il centralinista l'osservò e diede una lettura veloce all'elenco e al biglietto, < Deve andare alla Zona 5 e salire sulla navicella numero 13, è di sua proprietà, la usi come meglio crede, le cordinate sono codeste. > Poi gliele scrisse per bene sul foglio continuò comunque nella spiegazione mentre il soldato continuava a scuotere la testa in senso di approvazione, < Per inserire le cordinate è semplice ci sono due pannelli, in uno c'è scritto Y ed inserisci il seguente numero, nell'altro c'è riportato X ed inserisci il seguente numero, è un viaggio di pochi minuti e la navicella andrà da sola, tu potrai riposarti comodamente. > Poi lo congedò con un cenno e gli strinse la mano < C'è bisogno di gente come lei per l'impero negli ultimi tempi..> disse abbassando lo sguardo, Yuzu non capì ma sorrise, riprese lo scatolone e andò via, cercò per un po' di tempo la Zona 5, sembrava un vagabondo senza meta, dopo averla trovata non fu difficile dirigersi alla sua navicella, l'osservò, era semplice, era bianca con una cupola rossa ed aveva una forma vagamente circolare, vide il telecomando posto all'interno di esso ma protetto come dire da una barriera magnetica, "" Passare tessera. "" una voce elettronica lo ammonì subito quando cercò di avvicinarsi ad esso, notò sotto di esso un passascheda e la passò, < Benvenuto YOI 1231. > la stessa voce simulata gli parlò, lo scudo magnetico si dissolse nel nulla, prese il telecomando a due tasti ed aprì lo sportello, non fece nemmeno rumore e sali. < Non dovrebbe essere difficile..> disse fra se mentre inseriva le cordinate come precedentemen spiegato, sul monitor apparì la seguente scritta: ""Pianeta Segmel, tempo di arrivo 12 virmeri. "" < Virmeri?.. > esclamò con un po' di disappunto, non conosceva quella unità di misura del tempo in ogni caso il portellone si chiuse e la navicella partì ad alta velocità verso il sistema solare da lui scelto. Il viaggio non fu molto lungo, dopo breve tempo era già arrivato a destinazione, lo spazio porto questa volta era molto più grande e intersecato da decine di tunnel e corridoi, anche la popolazione era diversa, erano presenti, si, i mercanti, ma squadre di soldati, capitani, tenenti, maggiori, capo squadra, civili e perfino il bestiame si spostava da quella zona, Yuzu passò tranquillamente per la zona, nessuno era interessato a lui, ci sarebbero stati i motivi, ma visto che era sconosciuto non c'era motivo di fermarlo, si recò nuovamente all'ufficio d'informazione anch'esso enorme ma dovette fare la fila, davanti a lui c'era un altro alieno, basso, con la testa di color arancione e a punta, snello e con le braccia incrociate, < Ehilà, anche tu in cerca di una missione?.> Gli chiese notando, anche per passare il tempo visto che ci sarebbero voluti all'incirca una decina di minuti terrestri. < No.. No, sono in cerca di informazioni per questo pacco. > disse indicandolo visto che precedentemente lo aveva appoggiato a terra e continuava a spostarlo brevemente con il piede destro, < Una nuova recluta! Buona fortuna allora! > Poi iniziò a ridere e gli diede una pacca sulla spalla, < Scherzo, anchio sono nuovo, mi hanno integrato circa ieri. > disse abbassando un po' lo sguardo, < Guarda, ti accompagno io dove devi andare, seguimi. > poi gli fece cenno di venire, < Mah.. > Yuzu era già confuso di suo e queste relazioni frettolose lo continuavano a confondere ancora di più, ma si decise a seguirlo, non aveva nulla da perdere in ogni caso. < Quale sarà la nostra prossima mossa?. > Una specie di rettile, chiese ad una figura umanoide minuta seduta su una specie di sedia volante che continuava a sorseggiare dell'idromele da un bicchiere di vetro finissimo. La figura si alzò e si spostò lentamente in avanti, bevve un altro sorso e poggiò il recipiente nel suo porta bicchiere personale, era basso, la testa tonda e cornuta, le labbra viola, gli occhi neri e indossava un'armatura con due grossi spallacci ai lati. < Carissimo, continuare con il reclutamento di nuovi soldati è di maggiore priorità, continuate anche gli esperimenti, dobbiamo vincere questa guerra. Sono stato chiaro? > l'alieno era calmissimo ma continuava a passeggiare per la sala con tranquillità continuando a parlare fino a quando non si fermò e gli venne data la risposta, < Certamente signore, sarà fatto. > poi si congedò con un saluto militare e ricevuto il consenso lasciò l'aula. Ne entrò subito un altro, di fretta che si inginocchiò sul lunghissimo tappeto rosso che si allungava dalle porte d'ingresso al trono, < Saluti, Richiedo il permesso di parlare. > L'alieno minuto gli diede il consenso, < Accordato. > non ci volle molto e l'extraterrestre sottoposto di mise in piedi e sull'attenti, cominciò a parlare senza osservare negli occhi il suo presunto capo. < Siamo in emergenza sul pianeta militare Segmel si sta avvicinando una flotta ostile, abbiamo diverse squadre di combattimento e nuove reclute, più famiglie e importanti commercianti, cosa dobbiamo fare? > Disse rapidamente, con un tono appassionato e abbassando lo sguardo quando porse la domanda, < Invia rapidamente delle navi di supporto, con qualche unità veterana.. > poi lo fulminò con lo sguardo facendosi intendere, < Invia anche uno di loro.. > poi lo congedò senza aspettarsi risposte e spiegazioni e il sottoposto andò via. "" Dobbiamo vedere davvero se possono rilevarsi utili."" Yuzu stava seguendo tranquillamente il suo nuovo amico, che gli raccontava dell'addestramento e di quello che aveva dovuto passare nell'accademia per farsi accettare gli allenamenti estremi e le donne la sera, < E tu? > gli venne chiesto nel mezzo del discorso. All'alieno da poco svegliato gli si fermò il cuore nuovamente, e la mente non sapeva dove andare a parare, non sapeva nulla di se stesso e continuava a cercare la verità su di se, del perchè e di cosa era successo, un altro flash lo colpì nel mezzo della discussione dovette inginocchiarsi a terra. < L'hai fatto tu eh cucciolo? > poi gli venne dato un colpo sulla testa, < Non chiamarmi più cucciolo! > e si arrabbiò, incrociò le braccia e se ne andò. < Ehi amico, tutto bene? > Disse l'alieno conoscente vedendolo mettersi a terra, < Si, tutto bene, più o meno le tue stesse difficoltà.. > poi calò la vista nuovamente, aveva avuto un altro giramento di testa, ma nulla di grave. < Ah, vieni ti do una mano. > lo tirò su con determinazione e gli porse la mano, < Il mio nome è Gurka. > Disse con tranquillità, Yuzu si fece aiutare senza vergogna e gli afferrò la mano. < Io sono Yuzu. > poi continuarono a camminare verso la zona decisa precedentemente, uno parlava in continuazione con l'entusiasmo da nuova recluta, l'altro stava zitto ed ascoltava assimilando le informazioni. < Entra pure, ti aspetto qui. > poi Gurka si sedette nel marciapiede affianco e accese una sigaretta con i polpastrelli, Yuzu entrò in una specie di ambasciata, venne subito fermato e venne richiesto il riconoscimento, gli venne fatto appoggiare velocemente lo scatolone a terra, < Questa è la mia tessera di riconoscimento.. > e la porse visto che comunque era rimasto spaventato dalla massa dei cinque bruti che lo fermarono, < Esperimento YOI 1231, hai il permesso, dirigiti in quella stanza. > Poi venne portato rapidamente da uno di loro, "" Ancora esperimento.. non sono un esperimento.. se è vero che mi hanno curato, dovrebbero conoscermi, che abbia perso davvero la memoria? "" pensò mentre venne mollato davanti una porta rossa che si aprì da sola, entrò < Saluti. > Disse ma non notò nessuno nella stanza ma sentiva un certo rumore come se qualcuno stesse frugando nella scrivania davanti a se, < Salve, mi scusi. > disse rimettendosi in una sistemazione più professionale, < Si accomodi. > e gli indicò la sieda dove andarsi a sedere, < Quindi tu saresti.. Yuzu? Non ti chiamerò esprimento bla bla, troppo impersonale, il mio compito è spiegarti perchè tu sei qui. > gli disse incrociando le dita della mani e appoggiandole sul tavolo, l'alieno che aveva viaggiato fino ad adesso annuì, sperando in cuor suo di trovare informazioni importanti."
4;tech;Classifica argomento: Voilà ultima realizzazione, un'altra skater! by  , su Flickr
3;a;Classifica argomento: A prima vista, mi sembra esteticamente poco curata,
10;: natura;Classifica argomento: a una coppia di amici è successo cosi è per quello che lo scritto e italcanna ha dato la spiegazione che il fusto della canna non si era caricato loro lanciavano in side... Poi la canna non la possiedo ma ho provato la 180 e l'aspide 150 poi ho optato per la Dinamish fsh
6;i i;Classifica argomento: No! Ogni nuovo ciclomotore della Piaggio,aveva il suo numero di omologazione.che non può essere uguale al ciao,anche perché il tuo è un SI.
8;a tecnologia;Classifica argomento: Perfetto Gatta... teniamoci aggiornate!  Eleonora ... senz'altro vi darò notizie sulla funzionalità o meno di questo tonico/latte/lozione!
0;.;"Classifica argomento: Quest'ultimo album dei Rome segue le orme dei precedenti  e  , dunque un neofolk malinconico, ricco di atmosfera, piuttosto ""orecchiabile"", chitarre acustiche e voce calda ed avvolgente, ben distante dal sound cupo ed apocalittico dei primi album della band come  . Personalmente apprezzo molto questo stile (anche se non mi facevano certo schifo i primi album, anzi). : Celine in Jerusalem Transference The Secret Germany (For Paul Celan) 8/10"
9;) tecnologia;"Classifica argomento: Ecco il grande ""vecchio""! Enormissimi auguri per questa nuova avventura! In culo ai vecchi rancorosi e ingrati..."
9;n l;Classifica argomento: Ottima segnalazione appena va in onda ci fai sapere.
10;a.;Classifica argomento: Per quanto sia una seconda punta, ma... Jovetic?
8;t celebrità;"Classifica argomento: Ciao ragazzi, scusate ma mi ero perso il messaggio di Swamp.. sinceramente credo anche io che ci sia la tendenza a ristringere troppo i tempi tra un mantenimento e l'altro (colpa anche mia che alcune volte sono troppo permissivo e ""medio"" cercando di accontentare l'utenza e concedendo tempistiche ridotte). Relativamente alla tricopigmentazione sono molto conservativo e consiglio al massimo un mantenimento ogni 6 mesi preferendo sempre e comunque l'annuale. Esiste effettivamente il rischio di sovraccaricare cromaticamente la zona andando a peggiorare la situazione. Non facciamoci rincuorare dalla reversibilità della tecnica, 12 mesi d'attesa per fare poi scaricare il pigmento sono lunghi."
8;e e;Classifica argomento: Di nulla, vai tranquillo. Se hai bisogno scrivi.
10;a celebrità;Classifica argomento: Guarda io ho fatto diverse mostre di modellismo, su ogni genere (sotto le foto), e ho anche già modelli di auto in generale, di diverse scale, die-cast e costruite, ma solo ora voglio buttarmi sui modelli solo 1/18 (con relativi costi maggiori) delle migliori auto da rally e stradali anni '70-'80 e '90! Dopo le foto, se si vedono, allego la lista dei desideri, cioè dei modelli che sono riuscito a trovare e che voglio prendere. Comunque per il momento ho trovato solo in negozio fisico, non online, una Delta Totip della Sunstar (qualità media) di Cerrato-Cerri (3rd al Rally Sanremo 1988, numerata su 799 pezzi). Questa è quella che ho preso E a breve mi arriverà il famoso turbino, ovviamente prima serie, come ce l'aveva mio padre qualche anno fa Ecco la lista: Alfa Romeo 75 3.0 V6 (stradale red) 1987 Alfa Romeo Alfetta GTV 2.0 (stradale grey met) 1980 Alfa Romeo GTA 1300 (stradale white) 1972 Alfa Romeo Montreal (stradale) 1970 Audi 90 Quattro (Haywood-Goodyear) GTO Class Road '89 Audi Quattro (Mikkola-Hertz) Safari Rally 1984 Audi Quattro LWB (Blomqvist-Cederberg) Acropolis Audi Quattro LWB (stradale) 1988 Audi Quattro Rally (Wittman-Diekman) Acropolis '82 Audi Quattro S1 (E2) (Röhrl-Geistdörfer) Sanremo '85 Audi Quattro S1 (Röhrl) Pikes Peak '87 Audi Quattro Sport (Blomqvist/Cederberg) Monte '85 Audi Sport Quattro corta (stradale red) 1984 Autobianchi A112 Abarth (NON ANCORA USCITA) BMW 2002 Turbo (stradale) 1973 BMW 3-Series M3 E30 Race Car (black) 1989 Citroen BX 4TC Client Series 200 (stradale) '86 Citroen Visa Chrono Gr. B 1000 Pistes (stradale) 1984 De Tomaso Pantera L (stradale black) 1972 Ferrari 308 GTB (Tognana-de Antoni) Targa Florio '82 Fiat 124 Abarth (Alen-Kivimaki) Porto '75 Fiat 124 Abarth CSA (stradale red black) 1972 Fiat 127 Sport 70 HP (NON ANCORA USCITA) Fiat 131 Abarth (Alen-Kivimaki) Porto '77 Fiat 131 Abarth (Röhrl-Geistdörfer) Sanremo '80 Fiat 131 Abarth (stradale) Fiat Ritmo 125 TC Abarth (NON ANCORA USCITA) Fiat Uno Turbo i.e. (vers. Stradale red) Fiat X1/9 (stradale red) 1974 Ford Capri Mk3 2.8 Injection (stradale light blue)1982 Ford Capri RS 3100 (red) 1974 Ford Escort Cosworth (stradale black) 1992 Ford Escort I 1300L (stradale) 1970 Ford Escort RS Turbo (stradale black) 1984 Ford Escort RS1800 (Airikkala-Short) Mintex Intern. '81 Ford RS 200 (gara white & blue) Ford RS 200 (R. Droogmans) Team Belga, Ypres 1986 Ford RS 200 (stradale white) 1986 Ford Sierra 4x4 Cosworth (stradale white) '92 Ford Sierra Cosworth (Auriol-Occelli) TDC '88 Ford Sierra Cosworth RS 500 Texaco (Ludwig-Soper) Ford Sierra RS Cosworth 3 doors (stradale white) Lancia 037 (Alen-Kivimaki) TDC '84 Lancia 037 (Cunico-Bartolich) Sicilia Targa Florio '83 Lancia 037 Rally street (stradale white o red) Lancia 037 versione Safari Lancia 037 Wurth (Röhrl-Geistdörfer) Rally Deutschland '83 Lancia Beta Montecarlo Lancia Delta ECV 1 (red) Lancia Delta ECV 2 (white) Lancia Delta HF 8V (Biasion-Siviero) Acropolis '88 Lancia Delta HF Integrale (Auriol-Occelli) Monte '92 Lancia Delta HF Integrale 8V (stradale red) Lancia Delta Integrale 16V red (Biasion-Siviero) Sanremo '89 Lancia Delta Integrale 16V Safari Rally Kenya '91 Lancia Delta S4 (Cerrato-Cerri) Sanremo '86 (normal o mud) Lancia Delta S4 (Toivonen-Cresto) Monte '86 Lancia Fulvia Coupe 1.6 HF Fanalone (stradale amaranto) Lancia HF Integrale Evo (stradale) '91 Lancia Stratos (Alen-Kivimaki) Sanremo '75 Lancia Stratos (Munari-Mannucci) Monte '75 Lancia Stratos (stradale yellow) 1975 Mazda RX7 Gruppo B 1985 MG Metro 6R4 (Arthur-Pond) Monte '86 Night vers. MG Metro 6R4 (McRae-Grindrod) RAC 1986 Mini Cooper S (Aaltonen-Liddon) Monte '67 Nissan 240 RS 1984 Nissan Skyline GT-R 2000 (strad.) 1st Gener. '70 Opel Ascona 400 (stradale white grey yellow) 1980 Opel Ascona B I2000 (stradale white yellow) 1975 Opel Ascona B400 (Clarr-Sevelinge) TDC '82 Opel Ascona Rothmans (Röhrl-Geistdörfer) Monte '82 Opel Kadett B Coupe Rally 1900 (stradale) 1969 Opel Manta 400 '84 Paugeot 205 T16 (Vatanen) Pikes Peak '87 Peugeot 1.9 Gti (stradale white) 1991 Peugeot 205 T16 Evo1 Peugeot 205 T16 Evo2 (Salonen-Harianne) Monte '86 Peugeot 205 Turbo 16 serie 200 (stradale dark grey) Porsche 911 930 Turbo 3.3 (stradale) 1986 Porsche 911 Carrera RS 2.7 (stradale) 1973 Porsche 959/60 (Metge-Lemoyne) Dakar 1986 Renault 5 Alpine (stradale black) 1977 Renault 5 GT Turbo (vers. Stradale white) Renault 5 Maxi Turbo (stradale) 1985 Renault 5 Turbo (E. Comas) Superproduction '87 Renault 5 Turbo (Ragnotti-Andriè) Monte '81 Renault 5 Turbo (stradale blue) 1980 Renault 5 turbo Laureate limited Edition 1000 pieces Renault 5 Turbo2 (stradale) Black Renault 8 Gordini (gara) Renault A310 Alpine V6 Pack GT (stradale blue met) 1986 Renault Alpine A110 1600S (Anderson-Stone) Monte '71 Renault Alpine A110 1600SC (stradale) 1974 Renault Alpine A110 1800S Rally (Bruno Saby) 1978 Renault Clio 16S (Ragnotti-Thimonier) Diac Rally '91 Renault Clio Williams (stradale dark blue-oro) Renault Maxiturbo (Ragnotti-Thimonier) TDC '85 Renault Maxiturbo (Sappey-Saby) Monte '83 Renault Super 5 GT Turbo (Oreille-Thimonier) Monte '89 Renault Super 5 GT Turbo (Phase 2, stradale) 1985 Simca 1000 Rally 2 (Fiorentino-Gelin) Monte '73 Talbot Samba Rallye (stradale red) 1983 Talbot Sumbeam Lotus Gr.2 Monte '81 Toyota Celica Twin Cam Turbo 1985 VW Golf GTI (stradale red) 1976 Citroen SM Proto (Verrier-Umbricht) da gara
4;e intrattenimento;Classifica argomento: Ovviamente quoto! Fumare tranquilli e non farne una scienza!
9;.;"Classifica argomento: Luciano, che dire, ogni parola sarebbe superflua. Tanto di cappello al vostro lavoro di ricerca/studio/catalogazione, ma dove la mettete tutta questa roba??? Chissà, magari un giorno verrò a visitare il vostro ""museo"""
7;moda;Classifica argomento: A me hanno aggiornato oggi il navi in Jeep alla versione 17.07.46 e adesso...i servizi live non vanno! Chiede un aggiornamento, lo faccio partire e poi da errore! No comment...
3;a;Classifica argomento: Uno dei miei ricordi calcistici più felici è legato proprio al Pescara. Campionato di Serie C1/B 2007-2008 Penultima giornata Stadio Arechi Salernitana 2 Pescara 0 e promozione in serie B con coreografia spettacolare prima dell'inizio della partita
3;.;"Classifica argomento: .Link UP spam: 1)  2)  3)  . Cosa mi serve: Targhette dei gruppi (10 targhette) . Link Forum in cui verrà inserito il lavoro:  . Link della PAGINA CODICI (non di anteprima) della skin su cui basarsi (o il nome esatto se avete impostato una skin in amministrazione) se si tratta di un logo o sfondo: . Dimensioni del lavoro: 150 x 50 . Testo (specificare il font e il colore): Gruppi:  Fondatore (Colore rosso chiaro)  Co-Fondatore (stesso colore del gruppo ""Fondatore"")  Amministratore (Colore azzurro/blu chiaro)  Moderatore (Colore blu)  Moderatore - In prova (Colore arancione)  Grafico (Colore viola chiaro)  Utente - Verificato (Colore verde chiaro)  Utente - Non verificato (Colore rosso)  Utente - Bannato (Colore nero)  V.I.P. (Colore oro) Seguire i colori dei gruppi sul forum indicato. Vorrei che avessero l'effetto plastificato, non so se mi spiego. Le scritte vanno bene bianche, stampatello, con dettagli. . Immagini da usare:  tipo così. . Altre informazioni: Sono pignolo quindi non vorrei farvele rifare migliaia di volte."
3;e;Classifica argomento: Disclaimer: questa storia riprende l'opera originale di Kyoko Mizuki, i cui diritti d'autore sono detenuti da autrice e casa editrice. Non ho diritti sui personaggi e sulla storia che ho ripreso dall'originale. Non c'è scopo di lucro in questo mio racconto, per tanto non lede ai diritti d'autore. Ciao a tutti, con grande emozione mi accingo a postare il primo capitolo della mia Fan fiction... E' la prima volta che scrivo qualcosa, a parte i temi di italiano quando andavo a scuola, quindi non so bene se sono riuscita a descrivere bene le mie emozioni... spero comunque che qualcosa vi arrivi. Quella che ho scritto è la mia versione della storia dopo la separazione tra Candy e Terence... ci sono alcuni spunti, quelli che mi hanno colpito di più, ripresi dalla Final Story della stessa Kyoko Mizuki. E mia intenzione postare regolarmente almeno un capitolo a settimana, la storia è già tutta scritta. Nel primo capitolo andiamo a vedere come sta Candy, nel secondo incontreremo invece il nostro bel tenebroso... CAPITOLO I: CANDY Lakewood Aprile 1918 Albert aspettava Candy nel suo studio, al bussare della porta si voltò e gli bastò uno sguardo per capire che quella notte la sua protetta aveva pianto tutte le sue lacrime... Prego, vieni avanti, siediti! Hai già fatto colazione?, fece lui. Veramente... ho lo stomaco sottosopra e un gran mal di testa... vorrei ritirarmi a riposare il prima possibile, nel pomeriggio vorrei tornare a casa… alla Casa di Pony! Nella sua testa ancora la martellante risata di Iriza, nel suo petto quelle parole che avevano colpito inesorabilmente come proiettili… Ho preso parte ad una meravigliosa festa qualche sera fa a New York, erano presenti anche i signori Graham… Susanna era raggiante mentre si stringeva al petto di Terence… si dice sia in dolce attesa… Archie era subito intervenuto in difesa di Candy puntualizzando che non poteva esistere nessun Signori Graham visto che non erano sposati… e Candy aveva dovuto appoggiarsi ad Albert per non cadere…. Le era mancata la terra sotto i piedi. Uhm, mugugnò Albert…, Capisco... Non ci girerò tanto in torno.... piccola... sono passati quattro anni, non puoi continuare così! Non puoi tremare ogni volta che qualcuno nomina Terence Graham... non puoi aver paura di tutti i giovanotti che ti ronzano intorno e chiedermi di tenerteli lontani... Io so cosa c’era tra te e lui! Vi ho visti insieme! Credo di essermi accorto prima di voi del sentimento che covava nei vostri cuori, un’armonia assoluta e totale... forse troppo grande da accettare e comprendere per i due ragazzini che eravate! Sarò chiaro e sincero con te… Io credo che la maggior parte delle coppie felici di questa terra non abbia mai provato una passione del genere... …come credi che sia tra Annie e Archie? Eppure... sono uno la spalla dell’altro, affrontano insieme la vita, si proteggono... certo il loro non è mai stato un amore bruciante, come quello che tiene in ostaggio il tuo cuore, ma è un sentimento vero e gentile... che sono sicuro li accompagnerà e li sosterrà per il resto della loro vita. Candy con le tempie pulsanti per la nottataccia alle spalle era al limite della sopportazione... voleva che quella discussione finisse il prima possibile, a dire il vero non aveva voglia neppure di cominciarla ma a quel punto era inevitabile così sfogò in un colpo solo tutta la sua frustrazione. Cosa vuoi che faccia Albert! Che sposi qualcuno di cui non sono innamorata? con tono crescente E poi... e poi cosa? la ragazza era già sull’orlo della disperazione… Dimmi… cosa? che chiuda gli occhi fingendo che siano le SUE mani quelle che mi toccano, le SUE labbra quelle che mi baciano, il SUO corpo quello che... ???? Allora? Questo dovrei fare secondo te? Candy... calmati ti prego... non intendo questo!, continuò Albert. Lei era rimasta in piedi davanti alla sua scrivania sperando che la cosa durasse il meno possibile, Albert si avvicinò a lei e le prese le mani... Sai che mi costa parlarti in modo così diretto ma non posso permetterti di buttare via così la tua vita! Quello che voglio farti capire è che puoi ancora essere felice Candy! Puoi trovare anche tu un amore gentile, devi solo darti una possibilità! Ricordi?...anche dopo Anthony pensavi che non saresti più tornata ad amare! Ti sei sempre rialzata, hai sempre guardato avanti con positività! Hai sempre voluto una famiglia, puoi averla Candy! Puoi avere dei figli come hai sempre sognato! Ma prima di tutto devi volerlo tu stessa… Candy sembrava quasi posseduta… Figli! Figli Albert! Vuoi davvero che ti dica cosa vedo quando mi immagino con un neonato tra le braccia? Vuoi davvero che te lo dica? Vedo… vedo un esserino tenero che cerca il mio seno e stringe forte a pugno le manine… poi apre gli occhi… grandi grandissimi occhi di un bel blu brillante e profondo, la copia identica di quelli del padre intento a suonare per lui la più dolce delle ninne nanne al pianoforte! Che ne dici? Che ne dici del mio sogno di maternità Albert?!!! Non capisci che sono solo i figli di LUI che vorrei ninnare? Che sono solo i figli di LUI che vorrei nutrire al mio seno? Che sono solo i figli di LUI che vorrei riempire di baci e coccole!!?? Non capisci che...  e le ultime disperate parole di Candy si smorzarono sul petto di lui che l’aveva immancabilmente attirata a sé quasi a proteggerla da se stessa. Lasciò che si sfogasse per qualche minuto e poi riprese con tono calmo e gentile. Candy… se non riesci ad andare avanti senza di lui... forse avete fatto un errore quattro anni fa, non credi? Candy continuava tra i singhiozzi a non trovare pace..., poi finalmente… Ne abbiamo già parlato! Lui non avrebbe mai potuto essere felice con me con Susanna in quelle condizioni... sono stanca Albert, tanto stanca... ne abbiamo già parlato....  Albert deciso a non mollare almeno questa volta cercò il coraggio per continuare… Non abbastanza evidentemente... L’hai lasciato a Susanna perché pensavi che fosse l’unico modo per renderlo felice, no? Che succede adesso? Pensi che non sia felice di diventare padre? Hai raggiunto il tuo scopo! Allora? quale è il problema adesso Candy? Quale? Sai che puoi dirmi tutto no? Come ho sempre fatto anche io.... parlami Candy, butta fuori il tuo dolore... io non sono qui per giudicarti ma solo per aiutarti! Candy continuò il suo sfogo con le mani a coprirsi il viso… ... Dio, sono una persona così orribile... mi vergogno così tanto... io ti giuro che davvero... voglio davvero che lui sia felice, è quello che più voglio al mondo... ma la verità è che... gli occhi pieni di dolore, il pallore quasi mortale del suo viso, un solo filo di voce... …la verità è che muoio... muoio Albert! Muoio di gelosia ogni volta che lo penso con Susanna tra le braccia... questa è la sola verità! Mi odio così tanto per questo... Sai... a volte cerco di convincermi che in realtà non mi abbia mai amato davvero... Chi, mi chiedo, potrebbe innamorarsi fino rischiare la propria vita per un ragazzo che non ti degna di uno sguardo? Forse.... forse... lui aveva cominciato a rispondere alle sue attenzioni.... forse... non credi sia possibile?... … e alla fine non so quale versione faccia più male… Con tono dolce e gentile Albert continuò cercando di farla ragionare: Basta! Basta Candy! Adesso stai rasentando la pazzia, io sono testimone di quanto Terence ti amasse già ai tempi della scuola! Devo ricordarti che ha rinunciato ad una vita di agiatezze per salvarti dall’espulsione? Devo ricordarti dove l’ha spinto la sua disperazione dopo che vi siete lasciati? Credimi nel suo cuore c’era esattamente ciò che c’era nel tuo... ciò che evidentemente, nonostante tutti gli sforzi tu faccia per nasconderlo, c’è ancora intatto... Io credo molto più semplicemente che, preso dalla recitazione e dal pensiero di te prima di tutto, lui non si fosse nemmeno accorto di Susanna... tu ti eri forse accorta di Archie a suo tempo? …ti eri accorta di me? Pronunciò le ultime parole nascondendo una smorfia di dolere… ma riuscì ad andare avanti. Tesoro... non sei orribile, sei solo innamorata, perdutamente innamorata.... vorrei solo fare qualcosa per farti smettere di avvelenare la tua anima... Tutti quanti sentiamo la mancanza della nostra Candy allegra e ottimista, lo sai? Ci manchi tanto Candy! Se per adesso può farti stare meglio... Iriza ha voluto solo farti del male ieri, quando ti ha riportato i dettagli della sua festa a New York… Susanna non era nemmeno presente al ricevimento... è sul giornale di oggi! Lì sul tavolo se vuoi leggere... dice che si sta sottoponendo a dure sedute di fisioterapia per poter tornare a camminare con l’ausilio di una protesi e che è fuori città da circa tre mesi per questo! Terence invece è rimasto a New York per preparare il nuovo spettacolo, era presente da solo, è intervenuto alla festa in compagnia della madre e si è trattenuto il minimo indispensabile rasentando, a detta del giornalista, la maleducazione… come suo solito. Susanna non è incinta, non c’è nessuna dolce attesa Candy... nessun figlio di nessuno... …ma questo non vuol dire che non ci sarà in un prossimo futuro... quindi per favore pensaci! Datti una possibilità! A dire la completa verità, anche se non poteva turbare ulteriormente Candy con le sue supposizioni, Albert era certo che il figlio di Susanna non sarebbe mai venuto al mondo... aveva sempre creduto che Candy, data la positività e la solare socialità che l’avevano sempre contraddistinta, sarebbe stata tra i due l’unica che avrebbe avuto la possibilità di venirne fuori... Terence, quel ragazzo orgoglioso e solitario dall’animo nobile corazzato da anni di rifiuti e assenza di amore, non sarebbe mai riuscito ad aprire il suo cuore una seconda volta, non dopo essere stato baciato dalla dolcissima melodia del suo angelo lentigginoso e soprattutto non dopo averne ricevuto in cambio un gran calcio sui denti dal destino! Insomma... Albert era consapevole che, seppur a fin di un bene assoluto, i due allora adolescenti si fossero, senza esserne coscienti appieno, presi in giro quando avevano promesso l’un l’altra di essere felici sulle gelide scale di quell’ospedale durante quella maledetta sera d’inverno che aveva visto due cuori pulsanti d’amore arrendersi al crudele destino… quel destino che non aveva fatto altro che giocare, nutrendo il loro impetuoso bisogno di amarsi di dolcissime lettere, sogni, rincorse, appuntamenti mancati e sgambetti decidendo al fine di gettarli nel baratro del buio più assoluto. Candy aveva passato decine di notti insonni, versato lacrime silenziose e pian piano spento i suoi occhi vivaci e blindato il suo cuore nascondendo tutto dietro un doloroso ma dolce sorriso. Terence dal canto suo aveva corroso e ingannato il suo cuore e i suoi sensi annegando nell’alcol e nella perdizione... e Albert si era sentito così impotente e in colpa.... sì... in colpa! Quell’ultima mattina che aveva visto Candy felice mentre volava verso la stazione col suo biglietto di sola andata per New York aveva avuto una fitta al cuore... ancora non aveva recuperato la memoria e a quel punto non era più sicuro di volerlo fare visto che aveva già tutto il suo mondo in quel piccolo appartamento in cui aveva vissuto con quella dolce ragazzina che non faceva che parlargli del suo Terence, ma che pian piano gli era entrata nel cuore... sì perché lui ora l’amava, l’amava tanto... così tanto che non avrebbe mai dato voce ai suoi sentimenti purché lei fosse felice. Quando ebbe recuperato la memoria si sentì anche peggio, semmai fosse stato possibile... oltre ad essere testimone della devastazione dell’animo di Candy dopo la rottura con Terence, adesso ricordava anche quel generoso e ribelle ragazzo con cui aveva stretto una sincera amicizia a Londra! Quel ragazzo che si era fidato così tanto di lui da fargli trasparire, attraverso le sue battute ironiche e i suoi scatti di gelosia, il sentimento d’amore puro al quale si era arreso suo malgrado e che lo assorbiva più di quanto avesse voluto perché lo rendeva nudo davanti alla sua lei. Così aveva cercato di aiutarli e col cuore in gola aveva fatto arrivare Candy a Rocktown. Pensava che guardando in faccia la disperazione in cui era annegato Terence, Candy sarebbe tornata sulla sua decisione e l’avrebbe accolto tra le sue braccia per aiutarlo e aiutare se stessa a tornare la ragazza felice di un tempo… Ma lei era stata più forte di tutto e di tutti, era rimasta là, con la sua presenza disperata l’aveva aiutato a riemergere dall’inferno e poi, violentando se stessa in nome di un’assurda promessa, se ne era andata… di nuovo… disperata più della disperazione stessa. E Terence ce l’aveva fatta… forse…, lui che l’aveva scambiata per un miraggio, si era aggrappato a quella visione tanto amata ed era riemerso dall’ombra e tornato alla ribalta! L’anno dopo era l’attore più acclamato del paese, forte dell’interpretazione di un Amleto che solo lui avrebbe mai potuto sfoggiare… perché viveva quelle pene proprio sulla sua pelle… Essere o non essere… Vivere o morire… Cosa aveva scelto Terence? Stava vivendo o morendo nella prigione del successo incollato ad una vita senza amore? Legato senza scampo ad una donna che lo aveva salvato… dalla morte? O dalla vita? Perché era vita quella che stava vivendo o era la morte della sua anima? Ma morte o vita quella era stata la SUA scelta… E Albert sarebbe rimasto là al suo posto, amando in silenzio, consolando, sostenendo, rispettando tutti i tempi di cui lei avesse avuto bisogno… senza mai forzare la mano, proteggendo e diventando il suo angolo di pace. Avevano lavorato insieme per ristrutturare e ingrandire la casa di Pony, per aiutare le due mamme di lei… i bambini lo adoravano e lo aspettavano come il più bello dei loro regali ogni volta che tornava da uno dei suoi innumerevoli viaggi di lavoro, anche Candy lo aspettava trepidante e ogni volta che tornava gli volava tra le braccia e si stringeva al suo petto gentile per trovare quiete… Aveva cominciato a sperare Albert, che il suo amore gentile potesse guarire le ferite di Candy ma tutte le volte che si era deciso ad approfondire il discorso qualcosa era successo che lo aveva trattenuto… una smorfia di dolore il giorno del compleanno di LUI, un tremore alle mani mentre le pupille divoravano avide la pagina degli spettacoli, un brindisi con gli occhi lucidi persi nella nebbia del ponte di una nave lontana all’arrivo di ogni nuovo anno… Purtroppo, o per fortuna, Albert sapeva e riusciva a notare le più piccole reazioni di Candy: nulla passava non veduto ad un acuto osservatore come lui… così, dopo tre anni, si arrese all’evidenza e le giurò che sarebbe stato il più sincero degli amici e dei fratelli ma per esserlo fino in fondo le aveva confessato alla fine una sera… Candy… io ti amavo ingannando fin se stesso in quel momento in nome di ciò che più amava la mondo. Da allora il loro legame era diventato ancora più sincero e indissolubile, Candy si fidava completamente di lui e Albert di lei.
8;.;Classifica argomento: Lady Angel ALTEZZA 1,63 PESO INIZIALE 92 PESO FORMA 70 INIZIO DIETA 21/09/2012 stop febbraio 2013 RIPRESA DIETA 30/08/2013 stop febbraio 2014 RIPRESA PER CONTROLLO PESO IN GRAVIDANZA novembre 2014 DIETA SEGUITA Flexipoints PRIMO OBIETTIVO 85kg raggiunto il 23/11/2012 SECONDO OBIETTIVO 80kg progressi: 92 - 91 - 90 - 90 (ciclo) - 88,5 - 88 - 87 - 87 (ciclo) - 85,5 - 85 - 84.5 - 84 (ciclo) - 84 - 83.5 - 84.5 (feste natalizie) - 85 (capodanno e ciclo) - 84 - 84 - 84 - 83 (ciclo) - 81.5 - 81 (viaggio germania) - 81 - 82 (ciclo) - 81 - 81 - 81 - 81 (ciclo) - 81 - 81 (ultima pesata il 13 aprile) Progressi ripresa: 85 - 85 - 86 -85 - 83.8 (ciclo) - 83.5 - 83.2 - 82.8 - 82.3 (ciclo) - 82 - 81.8 - 82 - 81.9 (ciclo) - 81.8 - 81.8 - 81.8- 81.3 - 81.3 - 81.3 - ass. - 82.8 - 83.3 - 82.7 - 81.5 - 81.5 - 81.2 - 81.3 - 81.7 - 81.3 - 81.9 Novembre 2014 modalità gravidanza: 83.2 - 81.7 - 82.3 - 82.2 - 83 - 82.1 - 82.8 - 82.6 - 81.4 - 82.3 - 83 - 82.9 risultato nell'ultima settimana -0.1 kg Peso preso in gravidanza da novembre 2014: -0.3 kg
10;e;Classifica argomento: per me si potrebbe addirittura ridurre a 16 per l'attuale livello del nostro campionato...
4;"	Classifica argomento: Allora qualche scheletro nell'armadio ce l'hai anche tu!!    in verità io non ne ho mai comprati: a Cuba durante il festival ci hanno rimandati a casa carichi al punto che li ho dispensati come souvenir a tutti i colleghi di studio fumatori di sigarette. E li hanno pure apprezzati  oggi allo studio aprendo il cassetto della scrivania ho trovato uno scatolino superstite
4		Classifica argomento: Ma si, piacevoli purché fumati sporadicamente. La persistenza é davvero minima e non saprei dire se é un bene o un male. I Montecristo ad esempio non li gradisco, mentre invece i Trinidad ho notato che sebbene (nei limiti del possibile) siano più piacevoli da fumare tendono ad avere una persistenza eccessivamente lunga. Non dimentichiamo poi la gran mole di additivi che li caratterizza. In ogni caso però, purché fumati  , possono rivelarsi gradevoli
4		Classifica argomento: Uuuuhh che bella!!!  Lei invece é di Frank90: Brigida!
4		Classifica argomento: Cohiba white Club mentre scrivo un ricorso monitorio veloce veloce  devo dire però che se proprio dovessi scegliere, tra tutti i mini ed i club preferisco i Trinidad
4		Classifica argomento: Non bistrattare gli half corona, nonostante le dimensioni offre una bella fumata benché breve. É un sigaro giusto"" perché molto versatile ed altrettanto piacevole e soprattutto, per usare le tue parole, é comunque un sigaro ""vero""";
10;"sport"" sport";Classifica argomento: Si ha smentito ha detto che non ci sará nessun tipo di contestazione...si andrá allo stadio solo per incitare la squadra
4;.;"Classifica argomento: @natisko: Non riuscendo a caricare sul forum allegati che non fossero immagini, ho usato il servizio di hosting di Google per condividere il Word completo di tutte quelle realizzate ad oggi.  Di seguito l'indice del file  , che raccoglie le fascette impostate a misura di stampa:  Toscanello  Toscanello 65 Riserva 2004  Toscanello Speciale  Toscanello Scelto  Toscanello Scelto monorigine (Campania, Valdichiana, Valtiberina, Veneto, Lazio)  Toscano Garibaldi (nuova versione a miglior risoluzione e proporzioni)  Ammezzati Garibaldi (per chi giustamente li ritiene differenti nelle proprietà organolettiche dai precedenti)  Toscano del Presidente  Toscanelli Aromatizzati (Anice, Caffè, Fondente, Grappa, Mokha, Vaniglia)  Toscanelli Caffè Collection (Anice, Dolce, Espresso, Fondente, Grappa, Ristretto)  Sigari Pedroni (Anisette, Biondo)  Sigari Brissago (Extra Vecchi, Forti, Garibaldi, Chiari, Scuri) @mark1976: Io utilizzo Word 2010, se usi il 2007 o precedente dovresti trovare questa voce in ""Formato Immagine"". Al link di cui sopra puoi trovare il file completo pronto per la stampa, comprensivo di una nuova versione per il Garibaldi. Concordo comunque con te, quelle che hai stampato fanno già la loro figura! @Toscano70: In questi giorni ho ripreso la tua osservazione sul  .  In un primo momento pensavo di usare la scritta col font della scatola per riprendere il template dei Toscani d'Autore; ho fatto qualche prova, ma l'idea non mi ha convinto. Ho poi provato ad inserire un viso, in modo simile al Granduca degli  o alla Venere del Botticelli per gli  , ma non sapevo di quale storico Presidente o Senatore fosse più opportuno mettermi alla ricerca. Alla fine ho preso spunto da  e  e ho deciso di cercare una vecchia cartolina del Quirinale!  Questo il risultato della prima versione inserita nel file:"
